{
	"summary": {
		"before_filtering": {
			"total_reads":19893587,
			"total_bases":974785763,
			"q20_bases":960106909,
			"q30_bases":931147472,
			"q20_rate":0.984941,
			"q30_rate":0.955233,
			"read1_mean_length":49,
			"gc_content":0.432317
		},
		"after_filtering": {
			"total_reads":19893477,
			"total_bases":970374144,
			"q20_bases":959162008,
			"q30_bases":930440923,
			"q20_rate":0.988446,
			"q30_rate":0.958848,
			"read1_mean_length":48,
			"gc_content":0.432064
		}
	},
	"filtering_result": {
		"passed_filter_reads": 19893477,
		"low_quality_reads": 4,
		"too_many_N_reads": 0,
		"too_short_reads": 106,
		"too_long_reads": 0
	},
	"duplication": {
		"rate": 0.374639,
		"histogram": [3632165,544250,183717,86100,48596,30117,20655,14453,10732,8088,6410,5121,3949,3513,2885,2486,2094,1761,1548,1344,1171,997,846,848,724,632,576,513,466,434,5831],
		"mean_gc": [0.3618,0.375753,0.384154,0.389511,0.395251,0.399376,0.404089,0.407237,0.409987,0.412164,0.420786,0.421917,0.424714,0.417441,0.423086,0.430893,0.427114,0.432931,0.429733,0.431694,0.429022,0.433792,0.442836,0.428357,0.428811,0.43615,0.432591,0.425127,0.436043,0.437933,0.447813]
	},
	"read1_before_filtering": {
		"total_reads": 19893587,
		"total_bases": 974785763,
		"q20_bases": 960106909,
		"q30_bases": 931147472,
		"total_cycles": 49,
		"quality_curves": {
			"A":[31.9965,32.2776,32.0382,35.8638,35.9147,35.9654,35.8451,35.9176,37.6143,37.7719,37.6538,37.5803,37.6257,39.0276,38.9889,38.9435,38.9152,38.9011,38.9299,38.8937,38.8528,38.8157,38.8005,38.7599,38.6799,38.5777,38.4909,38.4474,38.386,38.2846,38.2303,38.1459,38.0829,37.9832,37.9109,38.052,38.0742,38.098,38.1749,38.1938,38.2229,38.1889,38.1336,38.0656,38.0029,37.9511,37.865,37.7531,37.6505],
			"T":[32.0812,32.2762,31.5726,35.4993,35.5102,35.6037,35.8796,35.7908,37.5513,37.3236,37.3485,37.4341,37.4012,38.679,38.6481,38.588,38.5616,38.5604,38.6364,38.5707,38.539,38.4721,38.4296,38.3961,38.3646,38.2607,38.1576,38.1063,38.0023,37.9383,37.8912,37.7564,37.6854,37.6028,37.54,37.7587,37.7927,37.7755,37.8635,37.8526,37.84,37.7927,37.7292,37.6958,37.641,37.5915,37.4703,37.3906,37.2813],
			"C":[32.2839,32.3551,32.1923,35.7773,35.8244,35.8592,35.9617,35.9875,37.6756,37.5667,37.608,37.6145,37.5813,39.0056,39.0086,38.948,38.9262,38.9157,38.9211,38.8938,38.8623,38.8222,38.7728,38.742,38.7162,38.5893,38.5041,38.4581,38.3734,38.2992,38.2418,38.1858,38.0859,38.0389,37.9322,38.0842,38.0932,38.0647,38.215,38.2054,38.2033,38.1855,38.1294,38.0527,38.0228,37.9305,37.829,37.7005,37.6116],
			"G":[32.2935,32.359,31.9931,35.7521,35.7777,35.6806,35.7917,35.8045,37.5051,37.4115,37.4973,37.491,37.4065,38.8014,38.8047,38.7269,38.7509,38.7048,38.7202,38.6603,38.6359,38.635,38.559,38.5109,38.4282,38.2996,38.2228,38.1451,38.0385,38.0048,37.9193,37.8342,37.7647,37.6736,37.5972,37.7293,37.7438,37.7593,37.8346,37.8914,37.8593,37.8059,37.7315,37.6797,37.6144,37.5351,37.4186,37.3055,37.1217],
			"mean":[32.1777,32.3127,31.9509,35.7382,35.7661,35.794,35.8749,35.8716,37.5854,37.5551,37.537,37.5257,37.5027,38.871,38.8542,38.7949,38.6721,38.7647,38.7997,38.7525,38.7196,38.6812,38.6369,38.5984,38.5442,38.4301,38.3424,38.2887,38.2005,38.1295,38.0704,37.9775,37.9026,37.8208,37.7412,37.9055,37.9262,37.9258,38.0216,38.0342,38.0316,37.994,37.9313,37.8735,37.8203,37.7534,37.6473,37.5377,37.4193]
		},
		"content_curves": {
			"A":[0.155359,0.219254,0.240211,0.318108,0.341556,0.365236,0.191736,0.238331,0.23979,0.389412,0.300759,0.25817,0.288869,0.287292,0.283651,0.28709,0.287466,0.289269,0.290661,0.29381,0.288767,0.29077,0.289762,0.289443,0.28951,0.291496,0.288675,0.288936,0.290711,0.285728,0.287563,0.287381,0.285065,0.286609,0.285177,0.285558,0.285435,0.289251,0.28546,0.284675,0.288933,0.288357,0.284802,0.284603,0.284728,0.286232,0.289711,0.285039,0.286568],
